{"initial_reset_timestamp": 1591553157.3264067, "timestamps": [1591553160.3529816, 1591553160.4987319, 1591553160.6529126, 1591553160.803283], "episode_lengths": [9, 8, 10, 9], "episode_rewards": [9.0, 8.0, 10.0, 9.0], "episode_types": ["t", "t", "t", "t"]}